{
  "timestamp": "2025-10-03T12:30:45.611590Z",
  "coef": [
    3.557455932927754,
    25.692144409058802,
    -3.474880535988467,
    -24.924688290885957
  ],
  "intercept": -0.03198674629855947,
  "metrics": {
    "accuracy": 0.7857142857142857,
    "log_loss": 0.4394801200014166,
    "brier": 0.14329293062802553
  },
  "baseline": {
    "accuracy": 0.7857142857142857,
    "log_loss": 0.4394801200014166,
    "brier": 0.14329293062802553
  },
  "round_idx": null
}