{
  "provider_sec": 60.09377574920654,
  "p2p_sec": 60.10313940048218,
  "gossip_sec": 60.101688385009766
}